trait,label,count,mean,std
A,high,1000,0.5119739,0.25479887310293303
A,low,1000,0.49852789999999997,0.2516605364716669
C,high,1000,0.7067619999999999,0.12465711031124994
C,low,1000,0.6976392,0.13096685321103196
E,high,1000,0.48893380000000003,0.1366114046243337
E,low,1000,0.44318470000000004,0.11881513182865826
N,high,1000,0.3670931,0.13942208533898162
N,low,1000,0.3414153,0.10924247266399519
O,high,1000,0.4139665,0.17827667166348313
O,low,1000,0.4176845,0.16162950351391964
