trait,label,count,mean,std
A,high,1000,0.4855591,0.24200185171486463
A,low,1000,0.4672914,0.2348878031446208
C,high,1000,0.700404,0.11600335185520123
C,low,1000,0.6886239000000001,0.12173641975466783
E,high,1000,0.4849769,0.13226725574885628
E,low,1000,0.4406295,0.11355969083760811
N,high,1000,0.3831152,0.1320574117153177
N,low,1000,0.35532600000000003,0.10399820763451262
O,high,1000,0.4211361,0.1613967927546936
O,low,1000,0.4231726,0.1441931683507893
